/*
SQLyog 企业版 - MySQL GUI v8.14 
MySQL - 5.6.15 : Database - play
*********************************************************************
*/

/*!40101 SET NAMES utf8 */;

/*!40101 SET SQL_MODE=''*/;

/*!40014 SET @OLD_UNIQUE_CHECKS=@@UNIQUE_CHECKS, UNIQUE_CHECKS=0 */;
/*!40014 SET @OLD_FOREIGN_KEY_CHECKS=@@FOREIGN_KEY_CHECKS, FOREIGN_KEY_CHECKS=0 */;
/*!40101 SET @OLD_SQL_MODE=@@SQL_MODE, SQL_MODE='NO_AUTO_VALUE_ON_ZERO' */;
/*!40111 SET @OLD_SQL_NOTES=@@SQL_NOTES, SQL_NOTES=0 */;
CREATE DATABASE /*!32312 IF NOT EXISTS*/`play` /*!40100 DEFAULT CHARACTER SET utf8 */;

USE `play`;

/*Table structure for table `brokerHistoryInfo` */

DROP TABLE IF EXISTS `brokerHistoryInfo`;

CREATE TABLE `brokerHistoryInfo` (
  `id` int(40) NOT NULL AUTO_INCREMENT,
  `name` varchar(80) NOT NULL,
  `host` varchar(80) DEFAULT NULL,
  `port` varchar(10) DEFAULT NULL,
  `messagesIn` varchar(60) DEFAULT NULL,
  `dataFlowIn` varchar(60) DEFAULT NULL,
  `dataFlowOut` varchar(60) DEFAULT NULL,
  `leaderElectionRate` varchar(60) DEFAULT NULL,
  `loadAverage` varchar(60) DEFAULT NULL,
  `disIo` varchar(60) DEFAULT NULL,
  `heapUageRate` varchar(60) DEFAULT NULL,
  `gcTime` varchar(60) DEFAULT NULL,
  `gcCount` varchar(60) DEFAULT NULL,
  `time` timestamp NULL DEFAULT NULL,
  `isCurrentTime` int(2) DEFAULT '0',
  PRIMARY KEY (`id`)
) ENGINE=InnoDB AUTO_INCREMENT=73 DEFAULT CHARSET=utf8;

/*Data for the table `brokerHistoryInfo` */

insert  into `brokerHistoryInfo`(`id`,`name`,`host`,`port`,`messagesIn`,`dataFlowIn`,`dataFlowOut`,`leaderElectionRate`,`loadAverage`,`disIo`,`heapUageRate`,`gcTime`,`gcCount`,`time`,`isCurrentTime`) values (1,'10.16.34.187','10.16.43.156','9997','191442271080','113473442112036','616554532564643','0','3.51','','-1%','112347','4364','2015-09-11 15:32:49',0),(2,'10.16.34.187','10.16.43.154','9997','148150313793','91693811263790','394343739625074','0','2.37','','1%','121525','4277','2015-09-11 15:32:49',0),(3,'10.16.34.187','10.16.43.155','9997','183527476099','100829386113219','436043177772283','0','3.27','','-1%','100730','4177','2015-09-11 15:32:49',0),(4,'10.16.34.187','10.16.43.152','9997','137178516734','87881432506913','361269528769206','0','2.9','','-1%','118597','4293','2015-09-11 15:32:49',0),(5,'10.16.34.187','10.16.43.153','9997','137484281174','86741919845429','341939818321211','0','2.86','','0%','111080','4045','2015-09-11 15:32:49',0),(6,'10.16.34.187','10.16.43.150','9997','152560642183','95400246917704','374769353218030','0','3.94','','1%','115373','4158','2015-09-11 15:32:49',0),(7,'10.16.34.187','10.16.43.151','9997','142953638619','90251947951771','374732247761106','0','2.35','','-1%','105282','3838','2015-09-11 15:32:49',0),(8,'10.16.34.187','10.16.10.199','9997','183013510673','111399971339309','533419995346182','0','3.08','','0%','114666','4531','2015-09-11 15:32:49',0),(9,'10.16.34.187','10.16.10.198','9997','165585018126','102640283152103','487633453147221','0','3.27','','1%','104284','4222','2015-09-11 15:32:50',0),(10,'10.16.34.187','10.16.10.197','9997','165396614187','105611592131851','508426521539599','0','3.4','','-1%','98375','3955','2015-09-11 15:32:50',0),(11,'10.16.34.187','10.16.43.149','9997','162702895052','114851977357413','448828860589742','92','2.08','','1%','131080','5577','2015-09-11 15:32:50',0),(12,'10.16.34.187','10.16.10.196','9997','173631831708','105789375608300','509770668776131','0','3.84','','0%','98014','4072','2015-09-11 15:32:50',0),(13,'10.16.34.187','10.16.10.165','9997','82857528754','49547785005351','205493854223501','0','2.58','','-1%','68095','2808','2015-09-11 15:32:50',0),(14,'10.16.34.187','10.16.10.164','9997','171400435829','103325648588156','492156125764113','0','3.35','','0%','112617','4500','2015-09-11 15:32:50',0),(15,'10.16.34.187','10.16.10.163','9997','170663540740','105856897352766','508671151810160','0','3.12','','0%','124068','5170','2015-09-11 15:32:50',0),(16,'10.16.34.187','10.16.10.200','9997','171618603671','105926892185145','525440736993815','0','4.58','','0%','122175','5011','2015-09-11 15:32:50',0),(17,'10.16.34.187','10.16.43.148','9997','145527414244','88071666280084','341249151013428','0','2.4','','1%','117938','4327','2015-09-11 15:32:51',0),(18,'10.16.34.187','10.16.10.172','9997','154022182659','93127073329100','364779298953442','0','2.1','','0%','118713','4354','2015-09-11 15:32:51',0),(19,'10.16.34.187','10.16.43.156','9997','191444010833','113474495460105','616559114012711','0','3.94','','-1%','112347','4364','2015-09-11 15:33:54',0),(20,'10.16.34.187','10.16.43.154','9997','148151646924','91694677916011','394346711846486','0','2.64','','-1%','121525','4277','2015-09-11 15:33:54',0),(21,'10.16.34.187','10.16.43.155','9997','183529027905','100830309254262','436046627829840','0','3.09','','0%','100730','4177','2015-09-11 15:33:54',0),(22,'10.16.34.187','10.16.43.152','9997','137179903708','87882295402887','361272502633252','0','3.53','','0%','118597','4293','2015-09-11 15:33:54',0),(23,'10.16.34.187','10.16.43.153','9997','137485519518','86742750390755','341942672698952','0','2.3','','-1%','111115','4046','2015-09-11 15:33:54',0),(24,'10.16.34.187','10.16.43.150','9997','152562022975','95401187804601','374772689882864','0','2.41','','-1%','115373','4158','2015-09-11 15:33:54',0),(25,'10.16.34.187','10.16.43.151','9997','142954892057','90252789403275','374735206651861','0','2.85','','-1%','105282','3838','2015-09-11 15:33:54',0),(26,'10.16.34.187','10.16.10.199','9997','183015138582','111401014335332','533424299225067','0','3.39','','1%','114666','4531','2015-09-11 15:33:54',0),(27,'10.16.34.187','10.16.10.198','9997','165586416491','102641206208485','487637170388709','0','3.81','','-1%','104284','4222','2015-09-11 15:33:54',0),(28,'10.16.34.187','10.16.10.197','9997','165398038330','105612549862269','508430542663979','0','2.92','','0%','98375','3955','2015-09-11 15:33:54',0),(29,'10.16.34.187','10.16.43.149','9997','162704310230','114853283509524','448833271257821','92','2.14','','1%','131080','5577','2015-09-11 15:33:55',0),(30,'10.16.34.187','10.16.10.196','9997','173633250711','105790330926705','509775438612544','0','3.19','','-1%','98014','4072','2015-09-11 15:33:55',0),(31,'10.16.34.187','10.16.10.165','9997','82858535042','49548438060874','205496140940563','0','1.87','','0%','68095','2808','2015-09-11 15:33:55',0),(32,'10.16.34.187','10.16.10.164','9997','171401841223','103326569419229','492160697003447','0','2.75','','0%','112617','4500','2015-09-11 15:33:55',0),(33,'10.16.34.187','10.16.10.163','9997','170664951601','105857840366973','508675085425583','0','3.11','','0%','124068','5170','2015-09-11 15:33:55',0),(34,'10.16.34.187','10.16.10.200','9997','171620030249','105927838245022','525445428497607','0','3.31','','-1%','122175','5011','2015-09-11 15:33:55',0),(35,'10.16.34.187','10.16.43.148','9997','145528654970','88072486408825','341252092556523','0','2.6','','0%','117938','4327','2015-09-11 15:33:55',0),(36,'10.16.34.187','10.16.10.172','9997','154023486316','93127931905430','364782713153241','0','2.3','','0%','118713','4354','2015-09-11 15:33:55',0),(37,'10.16.34.187','10.16.43.156','9997','191445797612','113475566327974','616563550898271','0','4.75','','0%','112347','4364','2015-09-11 15:34:59',0),(38,'10.16.34.187','10.16.43.154','9997','148153042380','91695578113195','394349780014159','0','2.35','','0%','121525','4277','2015-09-11 15:34:59',0),(39,'10.16.34.187','10.16.43.155','9997','183530641032','100831265116194','436050577579725','0','3.94','','0%','100730','4177','2015-09-11 15:34:59',0),(40,'10.16.34.187','10.16.43.152','9997','137181344471','87883184141063','361275545179539','0','2.94','','1%','118597','4293','2015-09-11 15:34:59',0),(41,'10.16.34.187','10.16.43.153','9997','137486801092','86743601772721','341945565700592','0','2.74','','0%','111115','4046','2015-09-11 15:34:59',0),(42,'10.16.34.187','10.16.43.150','9997','152563419600','95402139263009','374776327960070','0','2.53','','-1%','115373','4158','2015-09-11 15:34:59',0),(43,'10.16.34.187','10.16.43.151','9997','142956211203','90253671283859','374738261790703','0','1.93','','0%','105282','3838','2015-09-11 15:34:59',0),(44,'10.16.34.187','10.16.10.199','9997','183016850238','111402106893914','533429286841089','0','3.19','','1%','114666','4531','2015-09-11 15:34:59',0),(45,'10.16.34.187','10.16.10.198','9997','165587866345','102642156930412','487641793641789','0','3.32','','0%','104284','4222','2015-09-11 15:34:59',0),(46,'10.16.34.187','10.16.10.197','9997','165399521673','105613539834581','508434359031058','0','3.14','','0%','98375','3955','2015-09-11 15:35:00',0),(47,'10.16.34.187','10.16.43.149','9997','162705768369','114854608332678','448837890731064','92','1.58','','0%','131080','5577','2015-09-11 15:35:00',0),(48,'10.16.34.187','10.16.10.196','9997','173634719819','105791313270865','509779939991525','0','3.11','','0%','98014','4072','2015-09-11 15:35:00',0),(49,'10.16.34.187','10.16.10.165','9997','82859567084','49549104085033','205498446135665','0','2.3','','0%','68095','2808','2015-09-11 15:35:00',0),(50,'10.16.34.187','10.16.10.164','9997','171403299192','103327515431240','492165102385081','0','2.79','','0%','112617','4500','2015-09-11 15:35:00',0),(51,'10.16.34.187','10.16.10.163','9997','170666408721','105858804039230','508678895413211','0','3.25','','0%','124068','5170','2015-09-11 15:35:00',0),(52,'10.16.34.187','10.16.10.200','9997','171621492376','105928800916294','525449584883853','0','3.56','','0%','122175','5011','2015-09-11 15:35:00',0),(53,'10.16.34.187','10.16.43.148','9997','145529942622','88073327073740','341255090198115','0','2.63','','1%','117938','4327','2015-09-11 15:35:00',0),(54,'10.16.34.187','10.16.10.172','9997','154024836311','93128809860766','364786074902475','0','2.09','','-1%','118713','4354','2015-09-11 15:35:00',0),(55,'10.16.34.187','10.16.43.156','9997','191447569134','113476631937696','616568262357152','0','3.86','','1%','112347','4364','2015-09-11 15:36:04',1),(56,'10.16.34.187','10.16.43.154','9997','148154405526','91696458927268','394352940076260','0','2.28','','0%','121525','4277','2015-09-11 15:36:04',1),(57,'10.16.34.187','10.16.43.155','9997','183532234739','100832208512234','436054644500177','0','4.06','','0%','100730','4177','2015-09-11 15:36:04',1),(58,'10.16.34.187','10.16.43.152','9997','137182773518','87884064093221','361278549672471','0','3.37','','2%','118597','4293','2015-09-11 15:36:04',1),(59,'10.16.34.187','10.16.43.153','9997','137488068975','86744445544887','341948423553526','0','2.17','','0%','111115','4046','2015-09-11 15:36:04',1),(60,'10.16.34.187','10.16.43.150','9997','152564816292','95403088738932','374779655327659','0','3.53','','-1%','115373','4158','2015-09-11 15:36:04',1),(61,'10.16.34.187','10.16.43.151','9997','142957514236','90254539007959','374741261279816','0','1.94','','0%','105282','3838','2015-09-11 15:36:04',1),(62,'10.16.34.187','10.16.10.199','9997','183018543269','111403182758942','533433798309016','0','2.32','','1%','114666','4531','2015-09-11 15:36:04',1),(63,'10.16.34.187','10.16.10.198','9997','165589298819','102643094725049','487645425123385','0','2.67','','0%','104284','4222','2015-09-11 15:36:04',1),(64,'10.16.34.187','10.16.10.197','9997','165400980066','105614510973856','508438128646479','0','3.79','','-2%','98375','3955','2015-09-11 15:36:04',1),(65,'10.16.34.187','10.16.43.149','9997','162707239032','114855927896435','448842910419011','92','2.88','','1%','131080','5577','2015-09-11 15:36:05',1),(66,'10.16.34.187','10.16.10.196','9997','173636161352','105792277966059','509783994382274','0','2.82','','1%','98014','4072','2015-09-11 15:36:05',1),(67,'10.16.34.187','10.16.10.165','9997','82860596620','49549765688711','205500730426033','0','2.27','','0%','68130','2809','2015-09-11 15:36:05',1),(68,'10.16.34.187','10.16.10.164','9997','171404752800','103328452516473','492169656963724','0','2.72','','-1%','112617','4500','2015-09-11 15:36:05',1),(69,'10.16.34.187','10.16.10.163','9997','170667844684','105859756041361','508682931766066','0','3.04','','0%','124068','5170','2015-09-11 15:36:05',1),(70,'10.16.34.187','10.16.10.200','9997','171622941170','105929755446274','525453880376652','0','3.73','','-1%','122175','5011','2015-09-11 15:36:05',1),(71,'10.16.34.187','10.16.43.148','9997','145531218896','88074160256163','341258054739223','0','2.73','','0%','117938','4327','2015-09-11 15:36:05',1),(72,'10.16.34.187','10.16.10.172','9997','154026180954','93129681831520','364789487042085','0','2.43','','0%','118713','4354','2015-09-11 15:36:05',1);

/*Table structure for table `groups` */

DROP TABLE IF EXISTS `groups`;

CREATE TABLE `groups` (
  `id` int(40) NOT NULL,
  `name` varchar(80) DEFAULT NULL,
  PRIMARY KEY (`id`)
) ENGINE=InnoDB DEFAULT CHARSET=utf8;

/*Data for the table `groups` */

insert  into `groups`(`id`,`name`) values (0,'ALL'),(1,'DEVELOPMENT'),(2,'PRODUCTION');

/*Table structure for table `offsetHistory` */

DROP TABLE IF EXISTS `offsetHistory`;

CREATE TABLE `offsetHistory` (
  `id` int(11) NOT NULL AUTO_INCREMENT,
  `zookeeperId` int(11) DEFAULT NULL,
  `topic` varchar(255) DEFAULT NULL,
  PRIMARY KEY (`id`),
  UNIQUE KEY `zookeeperId` (`zookeeperId`,`topic`),
  CONSTRAINT `offsetHistory_ibfk_1` FOREIGN KEY (`zookeeperId`) REFERENCES `zookeepers` (`id`)
) ENGINE=InnoDB AUTO_INCREMENT=871 DEFAULT CHARSET=utf8;

/*Data for the table `offsetHistory` */

insert  into `offsetHistory`(`id`,`zookeeperId`,`topic`) values (858,40,'adbid'),(847,40,'adinfo'),(823,40,'adlog_pt_topic'),(827,40,'adplusclick'),(824,40,'adpluscpc'),(864,40,'adplusimpression'),(815,40,'adplusmulticlick'),(832,40,'adresponse'),(835,40,'adsdk_userapplist'),(846,40,'adserverdebuginfo'),(829,40,'at-wzcx'),(819,40,'bidinfo'),(842,40,'charging-detail'),(857,40,'charging-detail-test'),(850,40,'countinfo'),(843,40,'countinfodebuginfo'),(826,40,'countinfoh5'),(845,40,'dm_pt_topic'),(838,40,'dtqs'),(844,40,'ifox'),(848,40,'lyb-test'),(854,40,'madc1'),(817,40,'madfail'),(859,40,'mappinginfo'),(821,40,'minilog'),(865,40,'mpost'),(851,40,'newcountinfo'),(860,40,'news-exposure-cutter'),(834,40,'newsclient_userapplist'),(820,40,'newtvadpv'),(833,40,'newtvadpv-test'),(812,40,'ott'),(818,40,'PC'),(839,40,'pcpingback-qs'),(867,40,'pushmsg_01'),(861,40,'pushsend_01'),(863,40,'pv'),(813,40,'reqinfo'),(870,40,'retargeting-log'),(841,40,'rt-control'),(814,40,'rt-control-log'),(816,40,'rttcontrol'),(869,40,'sohuwl-pv'),(809,40,'taglogm'),(831,40,'taglogott'),(810,40,'taglogpc'),(849,40,'taglogpgc'),(852,40,'taglogtvmpt'),(807,40,'tagtest'),(868,40,'test-niu'),(825,40,'topicName'),(837,40,'tvadclick'),(808,40,'tvadfclick'),(853,40,'tvadfpv'),(830,40,'tvadfront-ifox'),(811,40,'tvadfront-mobile'),(836,40,'tvadfront-page'),(866,40,'tvadfront-pc'),(805,40,'tvadfront-vv'),(856,40,'tvadmadfail'),(828,40,'tvadmcheck'),(855,40,'tvadmclick'),(862,40,'tvadmpv'),(840,40,'tvadpclick'),(806,40,'tvadppv'),(822,40,'tvmpt');

/*Table structure for table `offsetPoints` */

DROP TABLE IF EXISTS `offsetPoints`;

CREATE TABLE `offsetPoints` (
  `id` int(11) NOT NULL AUTO_INCREMENT,
  `consumerGroup` varchar(255) DEFAULT NULL,
  `timestamp` timestamp NOT NULL DEFAULT CURRENT_TIMESTAMP ON UPDATE CURRENT_TIMESTAMP,
  `offsetHistoryId` int(11) DEFAULT NULL,
  `partition` int(11) DEFAULT NULL,
  `offset` mediumtext,
  `logSize` mediumtext,
  PRIMARY KEY (`id`),
  KEY `offsetHistoryId` (`offsetHistoryId`),
  CONSTRAINT `offsetPoints_ibfk_1` FOREIGN KEY (`offsetHistoryId`) REFERENCES `offsetHistory` (`id`)
) ENGINE=InnoDB DEFAULT CHARSET=utf8;

/*Data for the table `offsetPoints` */

/*Table structure for table `partitionHistoryInfo` */

DROP TABLE IF EXISTS `partitionHistoryInfo`;

CREATE TABLE `partitionHistoryInfo` (
  `id` bigint(80) NOT NULL AUTO_INCREMENT,
  `topicHistoryId` bigint(80) DEFAULT NULL,
  `partitionId` int(3) DEFAULT NULL,
  `logSize` bigint(60) DEFAULT NULL,
  `leader` varchar(80) DEFAULT NULL,
  `logLag` bigint(60) DEFAULT NULL,
  PRIMARY KEY (`id`),
  KEY `FK_partitionhistoryinfo` (`topicHistoryId`)
) ENGINE=InnoDB AUTO_INCREMENT=566 DEFAULT CHARSET=utf8 CHECKSUM=1 DELAY_KEY_WRITE=1 ROW_FORMAT=DYNAMIC;

/*Data for the table `partitionHistoryInfo` */

insert  into `partitionHistoryInfo`(`id`,`topicHistoryId`,`partitionId`,`logSize`,`leader`,`logLag`) values (1,2,0,10817032740,'10.16.10.172:8092',667),(2,1,0,3468616541,'10.16.43.151:8092',222),(3,5,0,60256991,'10.16.43.155:8092',0),(4,3,0,3891841961,'10.16.43.148:8092',333),(5,4,0,123981080,'10.16.10.165:8092',212),(6,6,0,6469985356,'10.16.43.153:8092',1224),(7,2,1,10816915514,'10.16.43.148:8092',223),(8,7,0,879393,'10.16.10.172:8092',0),(9,5,1,60271714,'10.16.43.156:8092',0),(10,1,1,3468620332,'10.16.43.152:8092',111),(11,3,1,3891913816,'10.16.43.149:8092',111),(12,4,1,123981080,'10.16.10.172:8092',212),(13,2,2,18253147504,'10.16.43.149:8092',0),(14,7,1,879373,'10.16.43.148:8092',0),(15,5,2,42918728,'10.16.10.196:8092',0),(16,1,2,3369657756,'10.16.43.153:8092',444),(17,6,1,6470748146,'10.16.43.154:8092',1221),(18,3,2,3756788968,'10.16.43.150:8092',444),(19,1,3,3323227859,'10.16.43.154:8092',222),(20,7,2,879344,'10.16.43.149:8092',0),(21,4,2,123981080,'10.16.43.148:8092',144),(22,5,3,61613224,'10.16.10.197:8092',0),(23,2,3,18253133663,'10.16.43.150:8092',111),(24,7,3,879334,'10.16.43.150:8092',0),(25,6,2,6291433569,'10.16.43.155:8092',555),(26,5,4,61234814,'10.16.10.198:8092',0),(27,3,3,3748583009,'10.16.43.151:8092',111),(28,1,4,3468691024,'10.16.43.155:8092',444),(29,2,4,18253083174,'10.16.43.151:8092',1888),(30,4,3,123981080,'10.16.43.149:8092',144),(31,7,4,879327,'10.16.43.151:8092',0),(32,6,3,6373499021,'10.16.43.156:8092',1221),(33,5,5,61233664,'10.16.10.199:8092',0),(34,3,4,3891971143,'10.16.43.152:8092',445),(35,4,4,123981080,'10.16.43.150:8092',212),(36,1,5,3324663175,'10.16.43.156:8092',0),(37,2,5,18253185785,'10.16.43.152:8092',333),(38,7,5,879319,'10.16.43.152:8092',0),(39,5,6,61226727,'10.16.10.200:8092',0),(40,6,4,6659771855,'10.16.10.196:8092',334),(41,3,5,3891970361,'10.16.43.153:8092',112),(42,1,6,3468533747,'10.16.10.196:8092',778),(43,2,6,17936851552,'10.16.43.153:8092',333),(44,7,6,879326,'10.16.43.153:8092',0),(45,6,5,6659829194,'10.16.10.197:8092',1224),(46,5,7,61233111,'10.16.10.163:8092',4),(47,3,6,3891914462,'10.16.43.154:8092',445),(48,2,7,17959306214,'10.16.43.154:8092',1447),(49,1,7,3468564258,'10.16.10.197:8092',222),(50,7,7,879330,'10.16.43.154:8092',0),(51,5,8,61233251,'10.16.10.164:8092',4),(52,6,6,6659862243,'10.16.10.198:8092',1110),(53,2,8,17959099294,'10.16.43.155:8092',112),(54,1,8,3468606406,'10.16.10.198:8092',444),(55,3,7,3762510142,'10.16.43.155:8092',111),(56,7,8,879368,'10.16.43.155:8092',0),(57,5,9,60854894,'10.16.10.165:8092',0),(58,2,9,17924118443,'10.16.43.156:8092',2001),(59,6,7,6659867896,'10.16.10.199:8092',1222),(60,1,9,3468700929,'10.16.10.199:8092',111),(61,5,10,60852604,'10.16.10.172:8092',0),(62,6,8,6659655910,'10.16.10.200:8092',1222),(63,2,10,17959341372,'10.16.10.196:8092',1333),(64,7,9,879378,'10.16.43.156:8092',0),(65,3,8,3748857832,'10.16.43.156:8092',111),(66,1,10,3468544631,'10.16.10.200:8092',444),(67,5,11,60845805,'10.16.43.148:8092',5),(68,6,9,6469855746,'10.16.10.163:8092',1110),(69,3,9,3891960566,'10.16.10.196:8092',111),(70,7,10,879100,'10.16.10.196:8092',0),(71,2,11,17958444462,'10.16.10.197:8092',111),(72,1,11,3468487139,'10.16.10.163:8092',556),(73,5,12,61229224,'10.16.43.149:8092',5),(74,2,12,17684598402,'10.16.10.198:8092',222),(75,6,10,6327192912,'10.16.10.164:8092',1222),(76,3,10,3891935272,'10.16.10.197:8092',111),(77,7,11,879118,'10.16.10.197:8092',0),(78,1,12,3468586557,'10.16.10.164:8092',556),(79,5,13,61228495,'10.16.43.150:8092',5),(80,7,12,879143,'10.16.10.198:8092',0),(81,6,11,6470426022,'10.16.10.165:8092',778),(82,2,13,17958992802,'10.16.10.199:8092',1998),(83,3,11,3891964436,'10.16.10.198:8092',111),(84,1,13,3468573452,'10.16.10.165:8092',444),(85,7,13,879153,'10.16.10.199:8092',0),(86,5,14,59677734,'10.16.43.151:8092',0),(87,2,14,17721969801,'10.16.10.200:8092',1887),(88,6,12,6375737048,'10.16.10.172:8092',1001),(89,3,12,3891964536,'10.16.10.199:8092',444),(90,1,14,3468768575,'10.16.10.172:8092',556),(91,5,15,59755828,'10.16.43.152:8092',0),(92,2,15,8387423287,'10.16.10.163:8092',1554),(93,7,14,879135,'10.16.10.200:8092',0),(94,6,13,6659643298,'10.16.43.148:8092',1223),(95,3,13,3891783934,'10.16.10.200:8092',111),(96,1,15,3468601886,'10.16.43.148:8092',222),(97,2,16,18253134010,'10.16.10.164:8092',1889),(98,7,15,879147,'10.16.10.163:8092',0),(99,6,14,6659837730,'10.16.43.149:8092',334),(100,5,16,60259525,'10.16.43.153:8092',0),(101,3,14,3891950630,'10.16.10.163:8092',333),(102,1,16,3468593315,'10.16.43.149:8092',445),(103,2,17,18253326748,'10.16.10.199:8092',333),(104,7,16,879170,'10.16.10.164:8092',0),(105,5,17,60237493,'10.16.43.154:8092',0),(106,6,15,6659888806,'10.16.43.150:8092',778),(107,1,17,3468602116,'10.16.43.150:8092',111),(108,3,15,3891951437,'10.16.10.164:8092',111),(109,7,17,879191,'10.16.10.165:8092',0),(110,6,16,6659878286,'10.16.43.151:8092',1221),(111,3,16,3891937162,'10.16.10.165:8092',334),(112,6,17,6660485807,'10.16.43.152:8092',779),(113,3,17,3891937539,'10.16.10.172:8092',111),(114,8,0,123983972,'10.16.10.165:8092',72),(115,8,1,123983972,'10.16.10.172:8092',72),(116,8,2,123983972,'10.16.43.148:8092',72),(117,8,3,123983972,'10.16.43.149:8092',72),(118,8,4,123983972,'10.16.43.150:8092',72),(119,9,0,3891852072,'10.16.43.148:8092',444),(120,10,0,60257146,'10.16.43.155:8092',10),(121,9,1,3891923927,'10.16.43.149:8092',222),(122,10,1,60271871,'10.16.43.156:8092',0),(123,9,2,3756799079,'10.16.43.150:8092',444),(124,10,2,42918885,'10.16.10.196:8092',0),(125,9,3,3748593120,'10.16.43.151:8092',222),(126,10,3,61613381,'10.16.10.197:8092',0),(127,9,4,3891981254,'10.16.43.152:8092',0),(128,10,4,61234971,'10.16.10.198:8092',0),(129,9,5,3891980472,'10.16.43.153:8092',222),(130,10,5,61233821,'10.16.10.199:8092',0),(131,10,6,61226884,'10.16.10.200:8092',0),(132,9,6,3891924574,'10.16.43.154:8092',445),(133,9,7,3762520254,'10.16.43.155:8092',222),(134,10,7,61233268,'10.16.10.163:8092',10),(135,11,0,6470017021,'10.16.43.153:8092',111),(136,10,8,61233408,'10.16.10.164:8092',0),(137,9,8,3748867944,'10.16.43.156:8092',112),(138,11,1,6470779814,'10.16.43.154:8092',890),(139,10,9,60855051,'10.16.10.165:8092',0),(140,9,9,3891970678,'10.16.10.196:8092',223),(141,12,0,879394,'10.16.10.172:8092',0),(142,11,2,6291465236,'10.16.43.155:8092',556),(143,10,10,60852761,'10.16.10.172:8092',0),(144,11,3,6373530798,'10.16.43.156:8092',999),(145,9,10,3891945383,'10.16.10.197:8092',222),(146,12,1,879374,'10.16.43.148:8092',0),(147,13,0,10817075294,'10.16.10.172:8092',890),(148,10,11,60845962,'10.16.43.148:8092',0),(149,11,4,6659803521,'10.16.10.196:8092',333),(150,9,11,3891974547,'10.16.10.198:8092',111),(151,12,2,879345,'10.16.43.149:8092',0),(152,13,1,10816958179,'10.16.43.148:8092',890),(153,11,5,6659860859,'10.16.10.197:8092',0),(154,10,12,61229381,'10.16.43.149:8092',0),(155,9,12,3891974647,'10.16.10.199:8092',445),(156,12,3,879336,'10.16.43.150:8092',0),(157,13,2,18253190171,'10.16.43.149:8092',445),(158,11,6,6659894022,'10.16.10.198:8092',778),(159,10,13,61228652,'10.16.43.150:8092',0),(160,9,13,3891794045,'10.16.10.200:8092',222),(161,12,4,879328,'10.16.43.151:8092',0),(162,11,7,6659899562,'10.16.10.199:8092',111),(163,13,3,18253176220,'10.16.43.150:8092',556),(164,10,14,59677891,'10.16.43.151:8092',0),(165,9,14,3891960740,'10.16.10.163:8092',444),(166,12,5,879319,'10.16.43.152:8092',0),(167,11,8,6659687575,'10.16.10.200:8092',778),(168,13,4,18253125728,'10.16.43.151:8092',1665),(169,10,15,59755984,'10.16.43.152:8092',0),(170,9,15,3891961548,'10.16.10.164:8092',223),(171,14,0,3468632764,'10.16.43.151:8092',333),(172,12,6,879326,'10.16.43.153:8092',0),(173,13,5,18253228339,'10.16.43.152:8092',888),(174,11,9,6469887412,'10.16.10.163:8092',445),(175,10,16,60259681,'10.16.43.153:8092',0),(176,9,16,3891947273,'10.16.10.165:8092',111),(177,12,7,879330,'10.16.43.154:8092',0),(178,14,1,3468636555,'10.16.43.152:8092',333),(179,13,6,17936894106,'10.16.43.153:8092',666),(180,11,10,6327224577,'10.16.10.164:8092',999),(181,9,17,3891947649,'10.16.10.172:8092',333),(182,12,8,879368,'10.16.43.155:8092',0),(183,10,17,60237648,'10.16.43.154:8092',0),(184,14,2,3369673979,'10.16.43.153:8092',333),(185,13,7,17959348879,'10.16.43.154:8092',111),(186,11,11,6470457688,'10.16.10.165:8092',888),(187,12,9,879378,'10.16.43.156:8092',0),(188,14,3,3323244082,'10.16.43.154:8092',333),(189,13,8,17959141850,'10.16.43.155:8092',333),(190,11,12,6375768827,'10.16.10.172:8092',111),(191,12,10,879100,'10.16.10.196:8092',0),(192,14,4,3468707247,'10.16.43.155:8092',556),(193,13,9,17924161001,'10.16.43.156:8092',556),(194,14,5,3324679398,'10.16.43.156:8092',112),(195,13,10,17959383932,'10.16.10.196:8092',778),(196,11,13,6659674966,'10.16.43.148:8092',111),(197,12,11,879118,'10.16.10.197:8092',0),(198,14,6,3468549970,'10.16.10.196:8092',333),(199,13,11,17958487021,'10.16.10.197:8092',889),(200,11,14,6659869398,'10.16.43.149:8092',111),(201,12,12,879143,'10.16.10.198:8092',0),(202,14,7,3468580482,'10.16.10.197:8092',333),(203,13,12,17684640959,'10.16.10.198:8092',111),(204,12,13,879154,'10.16.10.199:8092',0),(205,11,15,6659920584,'10.16.43.150:8092',777),(206,14,8,3468622630,'10.16.10.198:8092',111),(207,13,13,17959035358,'10.16.10.199:8092',222),(208,14,9,3468717153,'10.16.10.199:8092',223),(209,13,14,17722012356,'10.16.10.200:8092',333),(210,12,14,879135,'10.16.10.200:8092',0),(211,11,16,6659909954,'10.16.43.151:8092',890),(212,14,10,3468560854,'10.16.10.200:8092',446),(213,12,15,879147,'10.16.10.163:8092',0),(214,13,15,8387465842,'10.16.10.163:8092',1556),(215,11,17,6660517586,'10.16.43.152:8092',1001),(216,14,11,3468503359,'10.16.10.163:8092',0),(217,12,16,879170,'10.16.10.164:8092',0),(218,13,16,18253176564,'10.16.10.164:8092',446),(219,14,12,3468602776,'10.16.10.164:8092',555),(220,12,17,879191,'10.16.10.165:8092',0),(221,13,17,18253369301,'10.16.10.199:8092',889),(222,14,13,3468589672,'10.16.10.165:8092',333),(223,14,14,3468784795,'10.16.10.172:8092',444),(224,14,15,3468618106,'10.16.43.148:8092',333),(225,14,16,3468609537,'10.16.43.149:8092',555),(226,14,17,3468618339,'10.16.43.150:8092',222),(227,15,0,123986876,'10.16.10.165:8092',0),(228,15,1,123986876,'10.16.10.172:8092',0),(229,15,2,123986876,'10.16.43.148:8092',0),(230,16,0,3891862518,'10.16.43.148:8092',223),(231,15,3,123986876,'10.16.43.149:8092',0),(232,16,1,3891934372,'10.16.43.149:8092',222),(233,15,4,123986876,'10.16.43.150:8092',0),(234,16,2,3756809523,'10.16.43.150:8092',222),(235,16,3,3748603564,'10.16.43.151:8092',444),(236,16,4,3891991698,'10.16.43.152:8092',444),(237,16,5,3891990916,'10.16.43.153:8092',444),(238,16,6,3891935018,'10.16.43.154:8092',223),(239,16,7,3762530699,'10.16.43.155:8092',0),(240,17,0,6470049355,'10.16.43.153:8092',1222),(241,16,8,3748878388,'10.16.43.156:8092',445),(242,18,0,879395,'10.16.10.172:8092',0),(243,17,1,6470812148,'10.16.43.154:8092',1001),(244,16,9,3891981121,'10.16.10.196:8092',333),(245,18,1,879374,'10.16.43.148:8092',0),(246,17,2,6291497570,'10.16.43.155:8092',556),(247,16,10,3891955827,'10.16.10.197:8092',0),(248,17,3,6373563132,'10.16.43.156:8092',1112),(249,18,2,879346,'10.16.43.149:8092',0),(250,16,11,3891984991,'10.16.10.198:8092',444),(251,17,4,6659835855,'10.16.10.196:8092',1225),(252,18,3,879337,'10.16.43.150:8092',0),(253,16,12,3891985091,'10.16.10.199:8092',111),(254,17,5,6659893192,'10.16.10.197:8092',1000),(255,18,4,879330,'10.16.43.151:8092',0),(256,16,13,3891804489,'10.16.10.200:8092',333),(257,17,6,6659926353,'10.16.10.198:8092',888),(258,16,14,3891971185,'10.16.10.163:8092',222),(259,18,5,879322,'10.16.43.152:8092',0),(260,17,7,6659931895,'10.16.10.199:8092',1332),(261,16,15,3891971993,'10.16.10.164:8092',444),(262,17,8,6659719909,'10.16.10.200:8092',999),(263,18,6,879328,'10.16.43.153:8092',0),(264,16,16,3891957718,'10.16.10.165:8092',444),(265,17,9,6469919857,'10.16.10.163:8092',1111),(266,18,7,879331,'10.16.43.154:8092',0),(267,16,17,3891958095,'10.16.10.172:8092',223),(268,17,10,6327256912,'10.16.10.164:8092',1000),(269,18,8,879368,'10.16.43.155:8092',0),(270,17,11,6470490022,'10.16.10.165:8092',889),(271,18,9,879378,'10.16.43.156:8092',0),(272,17,12,6375801160,'10.16.10.172:8092',889),(273,17,13,6659707298,'10.16.43.148:8092',1443),(274,18,10,879100,'10.16.10.196:8092',0),(275,17,14,6659901731,'10.16.43.149:8092',1334),(276,18,11,879118,'10.16.10.197:8092',0),(277,19,0,60257326,'10.16.43.155:8092',11),(278,17,15,6659952918,'10.16.43.150:8092',1111),(279,20,0,3468649208,'10.16.43.151:8092',0),(280,18,12,879143,'10.16.10.198:8092',0),(281,19,1,60272051,'10.16.43.156:8092',12),(282,17,16,6659942286,'10.16.43.151:8092',555),(283,20,1,3468653110,'10.16.43.152:8092',111),(284,18,13,879154,'10.16.10.199:8092',0),(285,19,2,42919065,'10.16.10.196:8092',12),(286,17,17,6660549918,'10.16.43.152:8092',1111),(287,18,14,879136,'10.16.10.200:8092',0),(288,19,3,61613560,'10.16.10.197:8092',11),(289,20,2,3369690534,'10.16.43.153:8092',333),(290,18,15,879148,'10.16.10.163:8092',0),(291,19,4,61235150,'10.16.10.198:8092',0),(292,20,3,3323260526,'10.16.43.154:8092',666),(293,18,16,879171,'10.16.10.164:8092',0),(294,19,5,61234000,'10.16.10.199:8092',11),(295,20,4,3468723803,'10.16.43.155:8092',556),(296,18,17,879192,'10.16.10.165:8092',0),(297,19,6,61227063,'10.16.10.200:8092',11),(298,20,5,3324695954,'10.16.43.156:8092',667),(299,19,7,61233447,'10.16.10.163:8092',11),(300,20,6,3468566415,'10.16.10.196:8092',0),(301,19,8,61233587,'10.16.10.164:8092',11),(302,20,7,3468596926,'10.16.10.197:8092',0),(303,19,9,60855229,'10.16.10.165:8092',11),(304,20,8,3468639186,'10.16.10.198:8092',557),(305,19,10,60852939,'10.16.10.172:8092',11),(306,20,9,3468733596,'10.16.10.199:8092',0),(307,19,11,60846140,'10.16.43.148:8092',11),(308,19,12,61229559,'10.16.43.149:8092',0),(309,20,10,3468577407,'10.16.10.200:8092',667),(310,19,13,61228830,'10.16.43.150:8092',11),(311,20,11,3468519915,'10.16.10.163:8092',667),(312,19,14,59678069,'10.16.43.151:8092',11),(313,20,12,3468619221,'10.16.10.164:8092',555),(314,19,15,59756163,'10.16.43.152:8092',11),(315,20,13,3468606228,'10.16.10.165:8092',333),(316,19,16,60259860,'10.16.43.153:8092',11),(317,20,14,3468801351,'10.16.10.172:8092',333),(318,19,17,60237828,'10.16.43.154:8092',11),(319,20,15,3468634551,'10.16.43.148:8092',222),(320,20,16,3468625983,'10.16.43.149:8092',223),(321,20,17,3468634895,'10.16.43.150:8092',223),(322,21,0,10817118290,'10.16.10.172:8092',222),(323,21,1,10817001065,'10.16.43.148:8092',1110),(324,21,2,18253233058,'10.16.43.149:8092',1110),(325,21,3,18253219216,'10.16.43.150:8092',111),(326,21,4,18253168616,'10.16.43.151:8092',222),(327,21,5,18253271226,'10.16.43.152:8092',444),(328,21,6,17936937102,'10.16.43.153:8092',445),(329,21,7,17959391765,'10.16.43.154:8092',667),(330,21,8,17959184733,'10.16.43.155:8092',0),(331,21,9,17924203995,'10.16.43.156:8092',111),(332,21,10,17959426926,'10.16.10.196:8092',1113),(333,21,11,17958529905,'10.16.10.197:8092',1223),(334,21,12,17684684178,'10.16.10.198:8092',1556),(335,21,13,17959078245,'10.16.10.199:8092',1000),(336,21,14,17722055354,'10.16.10.200:8092',1111),(337,21,15,8387508839,'10.16.10.163:8092',1112),(338,21,16,18253219451,'10.16.10.164:8092',1223),(339,21,17,18253412187,'10.16.10.199:8092',1222),(340,22,0,123990132,'10.16.10.165:8092',0),(341,22,1,123990132,'10.16.10.172:8092',0),(342,22,2,123990132,'10.16.43.148:8092',0),(343,22,3,123990132,'10.16.43.149:8092',0),(344,22,4,123990132,'10.16.43.150:8092',0),(345,23,0,3891872517,'10.16.43.148:8092',223),(346,23,1,3891944371,'10.16.43.149:8092',222),(347,23,2,3756819634,'10.16.43.150:8092',333),(348,24,0,60257484,'10.16.43.155:8092',0),(349,23,3,3748613564,'10.16.43.151:8092',222),(350,25,0,6470081742,'10.16.43.153:8092',557),(351,24,1,60272208,'10.16.43.156:8092',0),(352,23,4,3892001809,'10.16.43.152:8092',111),(353,25,1,6470844533,'10.16.43.154:8092',555),(354,24,2,42919222,'10.16.10.196:8092',0),(355,23,5,3892001027,'10.16.43.153:8092',333),(356,25,2,6291529955,'10.16.43.155:8092',223),(357,24,3,61613718,'10.16.10.197:8092',0),(358,23,6,3891945018,'10.16.43.154:8092',222),(359,25,3,6373595407,'10.16.43.156:8092',445),(360,24,4,61235308,'10.16.10.198:8092',0),(361,23,7,3762540810,'10.16.43.155:8092',333),(362,25,4,6659868238,'10.16.10.196:8092',1000),(363,24,5,61234158,'10.16.10.199:8092',0),(364,26,0,3468665765,'10.16.43.151:8092',667),(365,27,0,879395,'10.16.10.172:8092',0),(366,23,8,3748888500,'10.16.43.156:8092',333),(367,25,5,6659925576,'10.16.10.197:8092',556),(368,27,1,879375,'10.16.43.148:8092',0),(369,24,6,61227221,'10.16.10.200:8092',0),(370,23,9,3891991122,'10.16.10.196:8092',333),(371,26,1,3468669556,'10.16.43.152:8092',112),(372,25,6,6659958627,'10.16.10.198:8092',111),(373,27,2,879346,'10.16.43.149:8092',0),(374,24,7,61233604,'10.16.10.163:8092',0),(375,23,10,3891965828,'10.16.10.197:8092',223),(376,26,2,3369706979,'10.16.43.153:8092',111),(377,25,7,6659964280,'10.16.10.199:8092',556),(378,24,8,61233744,'10.16.10.164:8092',0),(379,27,3,879337,'10.16.43.150:8092',0),(380,26,3,3323277082,'10.16.43.154:8092',333),(381,23,11,3891995103,'10.16.10.198:8092',334),(382,24,9,60855387,'10.16.10.165:8092',0),(383,25,8,6659752294,'10.16.10.200:8092',556),(384,28,0,10817160940,'10.16.10.172:8092',1110),(385,23,12,3891995091,'10.16.10.199:8092',222),(386,27,4,879330,'10.16.43.151:8092',0),(387,26,4,3468740248,'10.16.43.155:8092',222),(388,24,10,60853097,'10.16.10.172:8092',0),(389,25,9,6469952130,'10.16.10.163:8092',0),(390,28,1,10817043713,'10.16.43.148:8092',333),(391,23,13,3891814600,'10.16.10.200:8092',444),(392,26,5,3324712396,'10.16.43.156:8092',334),(393,27,5,879322,'10.16.43.152:8092',0),(394,24,11,60846298,'10.16.43.148:8092',0),(395,25,10,6327289296,'10.16.10.164:8092',1333),(396,28,2,18253275595,'10.16.43.149:8092',444),(397,23,14,3891981296,'10.16.10.163:8092',333),(398,24,12,61229717,'10.16.43.149:8092',0),(399,26,6,3468582968,'10.16.10.196:8092',667),(400,27,6,879329,'10.16.43.153:8092',0),(401,25,11,6470522407,'10.16.10.165:8092',222),(402,28,3,18253261864,'10.16.43.150:8092',0),(403,23,15,3891981993,'10.16.10.164:8092',333),(404,24,13,61228988,'10.16.43.150:8092',0),(405,26,7,3468613480,'10.16.10.197:8092',667),(406,27,7,879333,'10.16.43.154:8092',0),(407,25,12,6375833434,'10.16.10.172:8092',333),(408,28,4,18253211263,'10.16.43.151:8092',0),(409,24,14,59678227,'10.16.43.151:8092',0),(410,23,16,3891967829,'10.16.10.165:8092',334),(411,26,8,3468655627,'10.16.10.198:8092',333),(412,25,13,6659739684,'10.16.43.148:8092',555),(413,27,8,879371,'10.16.43.155:8092',0),(414,28,5,18253313874,'10.16.43.152:8092',223),(415,24,15,59756321,'10.16.43.152:8092',0),(416,25,14,6659933895,'10.16.43.149:8092',333),(417,23,17,3891968206,'10.16.10.172:8092',335),(418,26,9,3468750150,'10.16.10.199:8092',333),(419,28,6,17936979640,'10.16.43.153:8092',222),(420,24,16,60260018,'10.16.43.153:8092',0),(421,27,9,879381,'10.16.43.156:8092',0),(422,25,15,6659985192,'10.16.43.150:8092',555),(423,26,10,3468593852,'10.16.10.200:8092',333),(424,28,7,17959434413,'10.16.43.154:8092',333),(425,24,17,60237986,'10.16.43.154:8092',0),(426,25,16,6659974673,'10.16.43.151:8092',222),(427,27,10,879100,'10.16.10.196:8092',0),(428,26,11,3468536360,'10.16.10.163:8092',333),(429,28,8,17959227384,'10.16.43.155:8092',777),(430,25,17,6660582193,'10.16.43.152:8092',223),(431,28,9,17924246646,'10.16.43.156:8092',111),(432,26,12,3468635778,'10.16.10.164:8092',666),(433,27,11,879118,'10.16.10.197:8092',0),(434,28,10,17959469576,'10.16.10.196:8092',1224),(435,26,13,3468622674,'10.16.10.165:8092',222),(436,27,12,879143,'10.16.10.198:8092',0),(437,28,11,17958572556,'10.16.10.197:8092',557),(438,26,14,3468817797,'10.16.10.172:8092',111),(439,27,13,879154,'10.16.10.199:8092',0),(440,28,12,17684726605,'10.16.10.198:8092',556),(441,26,15,3468651108,'10.16.43.148:8092',111),(442,28,13,17959120892,'10.16.10.199:8092',333),(443,27,14,879136,'10.16.10.200:8092',0),(444,26,16,3468642538,'10.16.43.149:8092',111),(445,28,14,17722097891,'10.16.10.200:8092',555),(446,26,17,3468651340,'10.16.43.150:8092',111),(447,27,15,879148,'10.16.10.163:8092',0),(448,28,15,8387551377,'10.16.10.163:8092',777),(449,27,16,879171,'10.16.10.164:8092',0),(450,28,16,18253262099,'10.16.10.164:8092',1223),(451,27,17,879192,'10.16.10.165:8092',0),(452,28,17,18253454837,'10.16.10.199:8092',779),(453,29,0,123993192,'10.16.10.165:8092',72),(454,29,1,123993192,'10.16.10.172:8092',0),(455,29,2,123993192,'10.16.43.148:8092',0),(456,29,3,123993192,'10.16.43.149:8092',0),(457,29,4,123993192,'10.16.43.150:8092',0),(458,30,0,6470114072,'10.16.43.153:8092',222),(459,31,0,10817203143,'10.16.10.172:8092',555),(460,30,1,6470876865,'10.16.43.154:8092',222),(461,31,1,10817086027,'10.16.43.148:8092',1332),(462,32,0,3891882962,'10.16.43.148:8092',222),(463,30,2,6291562288,'10.16.43.155:8092',1111),(464,31,2,18253318020,'10.16.43.149:8092',444),(465,32,1,3891954817,'10.16.43.149:8092',0),(466,33,0,3468681877,'10.16.43.151:8092',334),(467,30,3,6373627739,'10.16.43.156:8092',222),(468,31,3,18253304069,'10.16.43.150:8092',1222),(469,32,2,3756829969,'10.16.43.150:8092',223),(470,33,1,3468685666,'10.16.43.152:8092',333),(471,30,4,6659900573,'10.16.10.196:8092',222),(472,31,4,18253253579,'10.16.43.151:8092',1000),(473,32,3,3748624009,'10.16.43.151:8092',222),(474,33,2,3369723089,'10.16.43.153:8092',112),(475,31,5,18253356189,'10.16.43.152:8092',223),(476,30,5,6659957912,'10.16.10.197:8092',0),(477,32,4,3892012142,'10.16.43.152:8092',0),(478,33,3,3323293192,'10.16.43.154:8092',112),(479,31,6,17937021956,'10.16.43.153:8092',1225),(480,30,6,6659990964,'10.16.10.198:8092',1112),(481,32,5,3892011360,'10.16.43.153:8092',222),(482,33,4,3468756356,'10.16.43.155:8092',111),(483,31,7,17959476729,'10.16.43.154:8092',556),(484,30,7,6659996617,'10.16.10.199:8092',1113),(485,33,5,3324728507,'10.16.43.156:8092',111),(486,32,6,3891955462,'10.16.43.154:8092',222),(487,31,8,17959269697,'10.16.43.155:8092',556),(488,30,8,6659784629,'10.16.10.200:8092',222),(489,33,6,3468599080,'10.16.10.196:8092',111),(490,32,7,3762551143,'10.16.43.155:8092',222),(491,34,0,60257654,'10.16.43.155:8092',3),(492,31,9,17924288846,'10.16.43.156:8092',1224),(493,30,9,6469984465,'10.16.10.163:8092',556),(494,33,7,3468629592,'10.16.10.197:8092',222),(495,32,8,3748898833,'10.16.43.156:8092',0),(496,34,1,60272379,'10.16.43.156:8092',0),(497,31,10,17959511886,'10.16.10.196:8092',667),(498,30,10,6327321630,'10.16.10.164:8092',333),(499,33,8,3468671740,'10.16.10.198:8092',0),(500,32,9,3892001567,'10.16.10.196:8092',0),(501,34,2,42919393,'10.16.10.196:8092',0),(502,31,11,17958614865,'10.16.10.197:8092',555),(503,33,9,3468766263,'10.16.10.199:8092',111),(504,30,11,6470554740,'10.16.10.165:8092',0),(505,32,10,3891976272,'10.16.10.197:8092',0),(506,34,3,61613889,'10.16.10.197:8092',3),(507,33,10,3468609964,'10.16.10.200:8092',111),(508,31,12,17684768805,'10.16.10.198:8092',555),(509,30,12,6375865768,'10.16.10.172:8092',0),(510,34,4,61235479,'10.16.10.198:8092',3),(511,32,11,3892005435,'10.16.10.198:8092',222),(512,33,11,3468552471,'10.16.10.163:8092',333),(513,31,13,17959163206,'10.16.10.199:8092',444),(514,30,13,6659772016,'10.16.43.148:8092',556),(515,33,12,3468651889,'10.16.10.164:8092',111),(516,31,14,17722140204,'10.16.10.200:8092',556),(517,34,5,61234329,'10.16.10.199:8092',4),(518,32,12,3892005535,'10.16.10.199:8092',222),(519,30,14,6659966449,'10.16.43.149:8092',223),(520,33,13,3468638785,'10.16.10.165:8092',111),(521,31,15,8387593690,'10.16.10.163:8092',1223),(522,34,6,61227392,'10.16.10.200:8092',0),(523,30,15,6660017524,'10.16.43.150:8092',222),(524,32,13,3891824933,'10.16.10.200:8092',0),(525,33,14,3468833907,'10.16.10.172:8092',111),(526,31,16,18253304411,'10.16.10.164:8092',555),(527,34,7,61233776,'10.16.10.163:8092',4),(528,30,16,6660007003,'10.16.43.151:8092',1111),(529,32,14,3891991629,'10.16.10.163:8092',222),(530,33,15,3468667218,'10.16.43.148:8092',333),(531,31,17,18253497149,'10.16.10.199:8092',1221),(532,30,17,6660614524,'10.16.43.152:8092',0),(533,34,8,61233916,'10.16.10.164:8092',0),(534,33,16,3468658650,'10.16.43.149:8092',333),(535,32,15,3891992437,'10.16.10.164:8092',0),(536,34,9,60855559,'10.16.10.165:8092',4),(537,33,17,3468667452,'10.16.43.150:8092',0),(538,32,16,3891978162,'10.16.10.165:8092',0),(539,34,10,60853269,'10.16.10.172:8092',0),(540,32,17,3891978539,'10.16.10.172:8092',222),(541,34,11,60846469,'10.16.43.148:8092',3),(542,35,0,879395,'10.16.10.172:8092',0),(543,34,12,61229888,'10.16.43.149:8092',0),(544,35,1,879375,'10.16.43.148:8092',0),(545,34,13,61229159,'10.16.43.150:8092',3),(546,35,2,879347,'10.16.43.149:8092',0),(547,34,14,59678398,'10.16.43.151:8092',0),(548,35,3,879338,'10.16.43.150:8092',0),(549,34,15,59756492,'10.16.43.152:8092',0),(550,35,4,879331,'10.16.43.151:8092',0),(551,34,16,60260189,'10.16.43.153:8092',3),(552,35,5,879322,'10.16.43.152:8092',0),(553,34,17,60238156,'10.16.43.154:8092',3),(554,35,6,879329,'10.16.43.153:8092',0),(555,35,7,879333,'10.16.43.154:8092',0),(556,35,8,879371,'10.16.43.155:8092',0),(557,35,9,879381,'10.16.43.156:8092',0),(558,35,10,879103,'10.16.10.196:8092',0),(559,35,11,879119,'10.16.10.197:8092',0),(560,35,12,879143,'10.16.10.198:8092',0),(561,35,13,879154,'10.16.10.199:8092',0),(562,35,14,879136,'10.16.10.200:8092',0),(563,35,15,879148,'10.16.10.163:8092',0),(564,35,16,879171,'10.16.10.164:8092',0),(565,35,17,879192,'10.16.10.165:8092',0);

/*Table structure for table `play_evolutions` */

DROP TABLE IF EXISTS `play_evolutions`;

CREATE TABLE `play_evolutions` (
  `id` int(11) NOT NULL,
  `hash` varchar(255) NOT NULL,
  `applied_at` timestamp NOT NULL DEFAULT CURRENT_TIMESTAMP ON UPDATE CURRENT_TIMESTAMP,
  `apply_script` text,
  `revert_script` text,
  `state` varchar(255) DEFAULT NULL,
  `last_problem` text,
  PRIMARY KEY (`id`)
) ENGINE=InnoDB DEFAULT CHARSET=utf8;

/*Data for the table `play_evolutions` */

insert  into `play_evolutions`(`id`,`hash`,`applied_at`,`apply_script`,`revert_script`,`state`,`last_problem`) values (1,'d8bf02bc30462083ba80bfcdefcd4d5819fae616','2015-07-06 15:09:32','CREATE TABLE zookeepers (\nname VARCHAR,\nhost VARCHAR,\nport INT,\nstatusId LONG,\ngroupId LONG,\nPRIMARY KEY (name)\n);\n\nCREATE TABLE groups (\nid LONG,\nname VARCHAR,\nPRIMARY KEY (id)\n);\n\nCREATE TABLE status (\nid LONG,\nname VARCHAR,\nPRIMARY KEY (id)\n);\n\nINSERT INTO groups (id, name) VALUES (0, \'ALL\');\nINSERT INTO groups (id, name) VALUES (1, \'DEVELOPMENT\');\nINSERT INTO groups (id, name) VALUES (2, \'PRODUCTION\');\nINSERT INTO groups (id, name) VALUES (3, \'STAGING\');\nINSERT INTO groups (id, name) VALUES (4, \'TEST\');\n\nINSERT INTO status (id, name) VALUES (0, \'CONNECTING\');\nINSERT INTO status (id, name) VALUES (1, \'CONNECTED\');\nINSERT INTO status (id, name) VALUES (2, \'DISCONNECTED\');\nINSERT INTO status (id, name) VALUES (3, \'DELETED\');','DROP TABLE IF EXISTS zookeepers;\nDROP TABLE IF EXISTS groups;\nDROP TABLE IF EXISTS status;','applied','You have an error in your SQL syntax; check the manual that corresponds to your MySQL server version for the right syntax to use near \'\nhost VARCHAR,\nport INT,\nstatusId LONG,\ngroupId LONG,\nPRIMARY KEY (name)\n)\' at line 2 [ERROR:1064, SQLSTATE:42000]'),(2,'f067a8799026a738d280d57a6c64352f157223a0','2015-07-06 15:09:36','ALTER TABLE zookeepers ADD COLUMN chroot VARCHAR;','ALTER TABLE zookeepers DROP COLUMN chroot;','applied','You have an error in your SQL syntax; check the manual that corresponds to your MySQL server version for the right syntax to use near \'\' at line 1 [ERROR:1064, SQLSTATE:42000]'),(3,'843d0d81b91da54831c4a59368197e64975afcb7','2015-07-06 15:09:37','ALTER TABLE zookeepers DROP PRIMARY KEY;\nALTER TABLE zookeepers ADD COLUMN id LONG NOT NULL AUTO_INCREMENT;\nALTER TABLE zookeepers ADD PRIMARY KEY (id);\nALTER TABLE zookeepers ALTER COLUMN name SET NOT NULL;\nALTER TABLE zookeepers ALTER COLUMN host SET NOT NULL;\nALTER TABLE zookeepers ALTER COLUMN port SET NOT NULL;\nALTER TABLE zookeepers ALTER COLUMN statusId SET NOT NULL;\nALTER TABLE zookeepers ALTER COLUMN groupId SET NOT NULL;\nALTER TABLE zookeepers ADD UNIQUE (name);\n\nCREATE TABLE offsetHistory (\nid LONG AUTO_INCREMENT PRIMARY KEY,\nzookeeperId LONG,\ntopic VARCHAR(255),\nFOREIGN KEY (zookeeperId) REFERENCES zookeepers(id),\nUNIQUE (zookeeperId, topic)\n);\n\nCREATE TABLE offsetPoints (\nid LONG AUTO_INCREMENT PRIMARY KEY,\nconsumerGroup VARCHAR(255),\ntimestamp TIMESTAMP,\noffsetHistoryId LONG,\npartition INT,\noffset LONG,\nlogSize LONG,\nFOREIGN KEY (offsetHistoryId) REFERENCES offsetHistory(id)\n);\n\nCREATE TABLE settings (\nkey_ VARCHAR(255) PRIMARY KEY,\nvalue VARCHAR(255)\n);\n\nINSERT INTO settings (key_, value) VALUES (\'PURGE_SCHEDULE\', \'0 0 0 ? * SUN *\');\nINSERT INTO settings (key_, value) VALUES (\'OFFSET_FETCH_INTERVAL\', \'30\');','DROP TABLE IF EXISTS offsetPoints;\nDROP TABLE IF EXISTS offsetHistory;\nDROP TABLE IF EXISTS settings;\n\nALTER TABLE zookeepers DROP PRIMARY KEY;\nALTER TABLE zookeepers DROP COLUMN id;\nALTER TABLE zookeepers ADD PRIMARY KEY (name);\nALTER TABLE zookeepers ALTER COLUMN host SET NULL;\nALTER TABLE zookeepers ALTER COLUMN port SET NULL;\nALTER TABLE zookeepers ALTER COLUMN statusId SET NULL;\nALTER TABLE zookeepers ALTER COLUMN groupId SET NULL;','applied','Incorrect table definition; there can be only one auto column and it must be defined as a key [ERROR:1075, SQLSTATE:42000]');

/*Table structure for table `settings` */

DROP TABLE IF EXISTS `settings`;

CREATE TABLE `settings` (
  `Id` bigint(60) NOT NULL AUTO_INCREMENT,
  `PurgeType` varchar(40) DEFAULT NULL COMMENT 'BROER,TOPIC,ALARM,OTHER',
  `FetchInterval` varchar(40) DEFAULT NULL COMMENT 'fetch interval',
  `PurgeSchedule` varchar(40) DEFAULT NULL COMMENT 'cron expression',
  `IsValid` int(2) DEFAULT '0' COMMENT 'is valid，0：invalid，1：valid',
  PRIMARY KEY (`Id`)
) ENGINE=InnoDB AUTO_INCREMENT=5 DEFAULT CHARSET=utf8;

/*Data for the table `settings` */

insert  into `settings`(`Id`,`PurgeType`,`FetchInterval`,`PurgeSchedule`,`IsValid`) values (1,'BROKER','65','0 0 0 ? * SUN *',1),(2,'TOPIC','55','0 0 0 ? * SUN *',1),(3,'ALARM','80','0 0 0 ? * SUN *',1),(4,'OTHER','95','0 0 0 ? * SUN *',1);

/*Table structure for table `status` */

DROP TABLE IF EXISTS `status`;

CREATE TABLE `status` (
  `id` int(40) NOT NULL,
  `name` varchar(80) DEFAULT NULL,
  PRIMARY KEY (`id`)
) ENGINE=InnoDB DEFAULT CHARSET=utf8;

/*Data for the table `status` */

insert  into `status`(`id`,`name`) values (0,'CONNECTING'),(1,'CONNECTED'),(2,'DISCONNECTED'),(3,'DELETED');

/*Table structure for table `topicHistoryInfo` */

DROP TABLE IF EXISTS `topicHistoryInfo`;

CREATE TABLE `topicHistoryInfo` (
  `id` bigint(205) NOT NULL AUTO_INCREMENT,
  `name` varchar(80) NOT NULL,
  `zookeeper` varchar(80) DEFAULT NULL,
  `logSize` bigint(60) DEFAULT NULL,
  `bytesInPerSec` bigint(60) DEFAULT NULL,
  `bytesOutPerSec` bigint(60) DEFAULT NULL,
  `FailedFetchRequestsPerSec` bigint(60) DEFAULT NULL,
  `FailedProduceRequestsPerSec` bigint(60) DEFAULT NULL,
  `LogBytesAppendedPerSec` bigint(60) DEFAULT NULL,
  `MessagesInPerSec` bigint(60) DEFAULT NULL,
  `time` timestamp NULL DEFAULT NULL,
  `isCurrentTime` int(2) DEFAULT NULL,
  `logLag` bigint(60) DEFAULT NULL,
  PRIMARY KEY (`id`)
) ENGINE=InnoDB AUTO_INCREMENT=36 DEFAULT CHARSET=utf8;

/*Data for the table `topicHistoryInfo` */

insert  into `topicHistoryInfo`(`id`,`name`,`zookeeper`,`logSize`,`bytesInPerSec`,`bytesOutPerSec`,`FailedFetchRequestsPerSec`,`FailedProduceRequestsPerSec`,`LogBytesAppendedPerSec`,`MessagesInPerSec`,`time`,`isCurrentTime`,`logLag`) values (1,'tvadfront-pc','10.16.34.187',62046639698,2169684261862,11710067443719,2,0,2169684261862,2398907342,'2015-09-11 15:32:40',0,6332),(2,'newtvadpv','10.16.34.187',300603104767,5489122439709,49913734527332,16,0,5489122554388,5677915936,'2015-09-11 15:32:40',0,16442),(3,'tvadfront-mobile','10.16.34.187',69503737206,1873274733890,6914376955904,0,0,1873271700142,2597192152,'2015-09-11 15:32:40',0,4000),(4,'dtqs','10.16.34.187',619905400,95986965838,381611414103,0,0,95986965838,123981080,'2015-09-11 15:32:40',0,924),(5,'minilog','10.16.34.187',1076163826,33584466643,101275574699,3,0,33584466643,27931750,'2015-09-11 15:32:40',0,23),(6,'tvadppv','10.16.34.187',117847598845,3126983193146,17690513843236,0,0,3126980904116,4430776785,'2015-09-11 15:32:40',0,17779),(7,'tvadmcheck','10.16.34.187',15826649,221766067,665122255,0,0,221765680,589976,'2015-09-11 15:32:40',0,0),(8,'dtqs','10.16.34.187',619919860,95989205122,381620371239,0,0,95989205122,123983972,'2015-09-11 15:33:34',0,360),(9,'tvadfront-mobile','10.16.34.187',69503919206,1873282353742,6914407435312,0,0,1873279319994,2597202152,'2015-09-11 15:33:34',0,4667),(10,'minilog','10.16.34.187',1076166646,33584653860,101276109878,3,0,33584653860,27931899,'2015-09-11 15:33:34',0,20),(11,'tvadppv','10.16.34.187',117848169400,3127005409635,17690624925681,0,0,3127003120726,4430808229,'2015-09-11 15:33:34',0,9889),(12,'tvadmcheck','10.16.34.187',15826656,221766392,665123230,0,0,221766005,589977,'2015-09-11 15:33:34',0,0),(13,'newtvadpv','10.16.34.187',300603871100,5489163117946,49914100402107,16,0,5489163222472,5677958156,'2015-09-11 15:33:34',0,12224),(14,'tvadfront-pc','10.16.34.187',62046931698,2169698385518,11710152185655,2,0,2169698385518,2398923454,'2015-09-11 15:33:34',0,5888),(15,'dtqs','10.16.34.187',619934380,95991448134,381629343287,0,0,95991448134,123986876,'2015-09-11 15:34:29',0,0),(16,'tvadfront-mobile','10.16.34.187',69504107206,1873290281913,6914439147996,0,0,1873287248165,2597212598,'2015-09-11 15:34:29',0,5221),(17,'tvadppv','10.16.34.187',117848751511,3127028250682,17690739015166,0,0,3127025875627,4430840563,'2015-09-11 15:34:29',0,18778),(18,'tvadmcheck','10.16.34.187',15826671,221766776,665124382,0,0,221766389,589978,'2015-09-11 15:34:29',0,0),(19,'minilog','10.16.34.187',1076169866,33584855497,101276741261,3,0,33584855497,27932074,'2015-09-11 15:34:29',0,178),(20,'tvadfront-pc','10.16.34.187',62047228809,2169713017025,11710240287713,2,0,2169713120760,2398940120,'2015-09-11 15:34:29',0,6113),(21,'newtvadpv','10.16.34.187',300604644151,5489204819891,49914475618331,16,0,5489204819891,5678001263,'2015-09-11 15:34:29',0,14002),(22,'dtqs','10.16.34.187',619950660,95993947953,381639342563,0,0,95993947953,123990132,'2015-09-11 15:35:24',0,0),(23,'tvadfront-mobile','10.16.34.187',69504288318,1873298066381,6914469943236,0,0,1873295032633,2597222819,'2015-09-11 15:35:24',0,5223),(24,'minilog','10.16.34.187',1076172706,33585057317,101277346721,3,0,33585057317,27932232,'2015-09-11 15:35:24',0,0),(25,'tvadppv','10.16.34.187',117849333556,3127051059368,17690853174346,0,0,3127048684313,4430872727,'2015-09-11 15:35:24',0,8335),(26,'tvadfront-pc','10.16.34.187',62047525698,2169727718563,11710328183925,2,0,2169727718563,2398956455,'2015-09-11 15:35:24',0,5777),(27,'tvadmcheck','10.16.34.187',15826681,221766776,665124382,0,0,221766389,589978,'2015-09-11 15:35:24',0,0),(28,'newtvadpv','10.16.34.187',300605411165,5489245857242,49914844710342,16,0,5489245857242,5678043802,'2015-09-11 15:35:24',0,9557),(29,'dtqs','10.16.34.187',619965960,95996299051,381648746955,0,0,95996299051,123993192,'2015-09-11 15:36:19',1,72),(30,'tvadppv','10.16.34.187',117849915778,3127073877100,17690967263006,0,0,3127071502045,4430905168,'2015-09-11 15:36:19',1,7447),(31,'newtvadpv','10.16.34.187',300606172471,5489286539492,49915210882633,16,0,5489286539492,5678086005,'2015-09-11 15:36:19',1,14113),(32,'tvadfront-mobile','10.16.34.187',69504475206,1873305833955,6914501356164,0,0,1873302800207,2597233042,'2015-09-11 15:36:19',1,2221),(33,'tvadfront-pc','10.16.34.187',62047815698,2169742194428,11710415039115,2,0,2169742194428,2398972567,'2015-09-11 15:36:19',1,3000),(34,'minilog','10.16.34.187',1076175786,33585261282,101277958616,3,0,33585261282,27932402,'2015-09-11 15:36:19',1,33),(35,'tvadmcheck','10.16.34.187',15826688,221766776,665124382,0,0,221766389,589978,'2015-09-11 15:36:19',1,0);

/*Table structure for table `zookeepers` */

DROP TABLE IF EXISTS `zookeepers`;

CREATE TABLE `zookeepers` (
  `name` varchar(40) NOT NULL,
  `host` varchar(20) NOT NULL,
  `port` int(10) NOT NULL,
  `statusId` int(11) NOT NULL,
  `groupId` int(11) NOT NULL,
  `chroot` varchar(50) DEFAULT NULL,
  `id` int(20) NOT NULL AUTO_INCREMENT,
  `topicConfig` varchar(80) DEFAULT NULL,
  PRIMARY KEY (`id`),
  UNIQUE KEY `name` (`name`)
) ENGINE=InnoDB AUTO_INCREMENT=41 DEFAULT CHARSET=utf8;

/*Data for the table `zookeepers` */

insert  into `zookeepers`(`name`,`host`,`port`,`statusId`,`groupId`,`chroot`,`id`,`topicConfig`) values ('10.16.34.187','10.16.34.187',2181,1,0,'kafka-0.8.1',40,'conf/topic-info.json');

/*!40101 SET SQL_MODE=@OLD_SQL_MODE */;
/*!40014 SET FOREIGN_KEY_CHECKS=@OLD_FOREIGN_KEY_CHECKS */;
/*!40014 SET UNIQUE_CHECKS=@OLD_UNIQUE_CHECKS */;
/*!40111 SET SQL_NOTES=@OLD_SQL_NOTES */;
